city;year;weekofyear;week_start_date;station_max_temp_c;station_min_temp_c;station_precip_mm;total_cases
sj;1990;18;30/04/1990;29.4;20.0;16.0;4
sj;1990;19;07/05/1990;31.7;22.2;8.6;5
sj;1990;20;14/05/1990;32.2;22.8;41.4;4
sj;1990;21;21/05/1990;33.3;23.3;4.0;3
sj;1990;22;28/05/1990;35.0;23.9;5.8;6
sj;1990;23;04/06/1990;34.4;23.9;39.1;2
sj;1990;24;11/06/1990;32.2;23.3;29.7;4
sj;1990;25;18/06/1990;33.9;22.8;21.1;5
sj;1990;26;25/06/1990;33.9;22.8;21.1;10
sj;1990;27;02/07/1990;33.9;24.4;1.1;6
sj;1990;28;09/07/1990;31.7;21.7;63.7;8
sj;1990;29;16/07/1990;32.8;23.9;12.2;2
sj;1990;30;23/07/1990;31.7;22.8;32.6;6
sj;1990;31;30/07/1990;34.4;22.8;37.6;17
sj;1990;32;06/08/1990;33.3;23.3;11.4;23
sj;1990;33;13/08/1990;32.8;22.8;44.7;13
sj;1990;34;20/08/1990;33.3;23.3;5.4;21
sj;1990;35;27/08/1990;32.2;24.4;13.7;28
sj;1990;36;03/09/1990;32.8;23.3;14.2;24
sj;1990;37;10/09/1990;33.9;24.4;25.9;20
sj;1990;38;17/09/1990;32.8;23.9;3.3;40
sj;1990;39;24/09/1990;32.8;24.4;15.8;27
sj;1990;40;01/10/1990;33.3;23.9;11.7;42
sj;1990;41;08/10/1990;33.3;24.4;57.7;33
sj;1990;42;15/10/1990;32.8;23.3;61.8;43
sj;1990;43;22/10/1990;32.2;21.7;91.5;37
sj;1990;44;29/10/1990;33.3;22.8;6.3;57
sj;1990;45;05/11/1990;33.3;23.9;6.6;71
sj;1990;46;12/11/1990;32.8;22.2;38.9;44
sj;1990;47;19/11/1990;31.7;22.2;9.6;56
sj;1990;48;26/11/1990;31.1;20.6;26.7;53
sj;1990;49;03/12/1990;29.4;22.2;69.0;52
sj;1990;50;10/12/1990;29.4;19.4;2.8;47
sj;1990;51;17/12/1990;30.6;21.1;19.8;26
sj;1990;52;24/12/1990;28.9;21.1;20.9;27
sj;1991;1;01/01/1991;29.4;18.9;5.3;21
sj;1991;2;08/01/1991;28.3;21.1;31.7;21
sj;1991;3;15/01/1991;29.4;21.1;16.5;26
sj;1991;4;22/01/1991;29.4;18.3;6.8;34
sj;1991;5;29/01/1991;30.0;18.9;5.9;37
sj;1991;6;05/02/1991;30.0;20.6;7.3;17
sj;1991;7;12/02/1991;32.2;18.9;5.6;19
sj;1991;8;19/02/1991;32.2;20.0;17.8;25
sj;1991;9;26/02/1991;30.6;20.0;30.7;18
sj;1991;10;05/03/1991;31.1;20.6;10.9;21
sj;1991;11;12/03/1991;31.7;20.6;3.6;17
sj;1991;12;19/03/1991;32.2;21.1;5.7;17
sj;1991;13;26/03/1991;32.2;22.2;26.9;16
sj;1991;14;02/04/1991;28.9;20.6;4.1;16
sj;1991;15;09/04/1991;28.9;21.1;18.8;15
sj;1991;16;16/04/1991;29.4;21.1;19.4;23
sj;1991;17;23/04/1991;32.8;21.7;3.5;16
sj;1991;18;30/04/1991;32.2;22.8;2.8;17
sj;1991;19;07/05/1991;31.7;22.8;40.2;12
sj;1991;20;14/05/1991;30.6;22.8;32.8;17
sj;1991;21;21/05/1991;31.7;22.8;3.6;10
sj;1991;22;28/05/1991;33.3;23.3;5.6;15
sj;1991;23;04/06/1991;33.3;23.3;20.6;19
sj;1991;24;11/06/1991;33.9;23.9;9.4;21
sj;1991;25;18/06/1991;33.9;25.0;3.3;14
sj;1991;26;25/06/1991;32.8;22.8;12.4;18
sj;1991;27;02/07/1991;32.8;23.9;24.7;13
sj;1991;28;09/07/1991;32.8;24.4;4.6;14
sj;1991;29;16/07/1991;33.9;23.9;12.2;18
sj;1991;30;23/07/1991;32.8;24.4;43.1;23
sj;1991;31;30/07/1991;33.3;25.0;18.0;25
sj;1991;32;06/08/1991;32.8;24.4;12.5;62
sj;1991;33;13/08/1991;33.3;25.6;3.3;60
sj;1991;34;20/08/1991;34.4;24.4;1.5;76
sj;1991;35;27/08/1991;32.2;23.9;10.7;66
sj;1991;36;03/09/1991;34.4;24.4;27.2;64
sj;1991;37;10/09/1991;33.9;23.3;61.0;68
sj;1991;38;17/09/1991;33.3;24.4;7.9;89
sj;1991;39;24/09/1991;32.8;24.4;31.8;92
sj;1991;40;01/10/1991;32.8;23.3;26.5;140
sj;1991;41;08/10/1991;31.7;22.8;8.3;116
sj;1991;42;15/10/1991;33.9;24.4;21.3;142
sj;1991;43;22/10/1991;32.8;23.3;3.5;129
sj;1991;44;29/10/1991;32.8;24.4;4.8;140
sj;1991;45;05/11/1991;32.2;22.8;41.4;140
sj;1991;46;12/11/1991;31.1;22.2;28.2;127
sj;1991;47;19/11/1991;30.0;22.2;9.4;129
sj;1991;48;26/11/1991;30.0;22.2;76.2;169
sj;1991;49;03/12/1991;30.6;23.3;19.6;141
sj;1991;50;10/12/1991;29.4;21.7;34.2;108
sj;1991;51;17/12/1991;28.9;20.6;6.1;78
sj;1991;52;24/12/1991;28.3;19.4;13.7;70
sj;1992;1;01/01/1992;;;;81
sj;1992;2;08/01/1992;30.6;20.6;58.2;104
sj;1992;3;15/01/1992;31.1;21.7;32.3;90
sj;1992;4;22/01/1992;30.6;20.0;1.3;85
sj;1992;5;29/01/1992;28.9;20.0;9.2;55
sj;1992;6;05/02/1992;30.6;20.0;3.0;53
sj;1992;7;12/02/1992;32.2;20.0;1.3;65
sj;1992;8;19/02/1992;33.9;21.7;8.9;33
sj;1992;9;26/02/1992;29.4;21.7;16.0;38
sj;1992;10;04/03/1992;31.1;20.6;2.9;59
sj;1992;11;11/03/1992;31.7;21.7;5.9;40
sj;1992;12;18/03/1992;31.1;21.7;4.8;37
sj;1992;13;25/03/1992;32.2;22.2;2.3;29
sj;1992;14;01/04/1992;31.1;21.7;24.1;30
sj;1992;15;08/04/1992;32.8;21.7;0.0;30
sj;1992;16;15/04/1992;31.7;22.8;24.5;28
sj;1992;17;22/04/1992;31.7;22.2;4.6;23
sj;1992;18;29/04/1992;33.9;23.3;1.6;24
sj;1992;19;06/05/1992;33.9;22.2;32.0;29
sj;1992;20;13/05/1992;31.1;22.8;8.1;26
sj;1992;21;20/05/1992;32.8;23.3;22.1;23
sj;1992;22;27/05/1992;31.7;23.9;80.2;20
sj;1992;23;03/06/1992;31.7;22.8;103.9;19
sj;1992;24;10/06/1992;32.8;24.4;102.4;20
sj;1992;25;17/06/1992;32.8;24.4;29.8;26
sj;1992;26;24/06/1992;32.8;23.9;5.4;29
sj;1992;27;01/07/1992;33.3;25.6;3.1;31
sj;1992;28;08/07/1992;32.8;24.4;1.8;28
sj;1992;29;15/07/1992;31.7;23.9;45.2;26
sj;1992;30;22/07/1992;31.7;23.3;41.0;32
sj;1992;31;29/07/1992;32.2;22.8;14.2;35
sj;1992;32;05/08/1992;31.7;23.3;16.6;33
sj;1992;33;12/08/1992;31.7;22.8;41.9;30
sj;1992;34;19/08/1992;33.9;24.4;42.7;52
sj;1992;35;26/08/1992;32.2;23.9;3.1;59
sj;1992;36;02/09/1992;34.4;24.4;6.5;67
sj;1992;37;09/09/1992;32.2;23.9;23.6;65
sj;1992;38;16/09/1992;32.8;23.9;28.9;74
sj;1992;39;23/09/1992;32.8;23.3;60.9;70
sj;1992;40;30/09/1992;33.3;23.3;22.6;61
sj;1992;41;07/10/1992;35.0;23.9;0.0;53
sj;1992;42;14/10/1992;33.3;25.0;8.0;76
sj;1992;43;21/10/1992;32.8;23.9;11.9;61
sj;1992;44;28/10/1992;33.3;23.9;18.6;57
sj;1992;45;04/11/1992;33.3;22.2;14.2;44
sj;1992;46;11/11/1992;31.7;22.8;161.0;34
sj;1992;47;18/11/1992;31.1;22.2;26.1;47
sj;1992;48;25/11/1992;32.8;23.3;46.3;60
sj;1992;49;02/12/1992;31.1;22.2;62.6;60
sj;1992;50;09/12/1992;31.1;22.2;9.4;53
sj;1992;51;16/12/1992;32.2;21.7;47.5;36
sj;1992;52;23/12/1992;29.4;21.7;5.5;31
sj;1993;53;01/01/1993;;;;30
sj;1993;1;08/01/1993;30.6;21.7;28.0;32
sj;1993;2;15/01/1993;28.3;20.6;23.5;28
sj;1993;3;22/01/1993;30.0;20.0;6.6;33
sj;1993;4;29/01/1993;28.9;20.0;15.2;33
sj;1993;5;05/02/1993;31.7;19.4;9.4;35
sj;1993;6;12/02/1993;30.0;20.6;2.1;22
sj;1993;7;19/02/1993;31.7;20.6;2.8;13
sj;1993;8;26/02/1993;32.2;20.6;5.5;13
sj;1993;9;05/03/1993;30.0;21.1;2.3;21
sj;1993;10;12/03/1993;29.4;19.4;2.5;17
sj;1993;11;19/03/1993;33.3;21.1;0.5;11
sj;1993;12;26/03/1993;31.1;20.6;12.8;8
sj;1993;13;02/04/1993;32.8;22.2;4.1;8
sj;1993;14;09/04/1993;32.8;21.1;4.6;6
sj;1993;15;16/04/1993;33.3;22.2;11.7;6
sj;1993;16;23/04/1993;31.1;21.7;8.4;7
sj;1993;17;30/04/1993;32.8;22.2;28.3;12
sj;1993;18;07/05/1993;32.2;22.2;114.3;17
sj;1993;19;14/05/1993;31.1;22.8;18.3;10
sj;1993;20;21/05/1993;33.9;23.3;4.6;10
sj;1993;21;28/05/1993;33.9;23.3;32.1;18
sj;1993;22;04/06/1993;31.1;22.8;58.3;19
sj;1993;23;11/06/1993;34.4;25.0;1.3;12
sj;1993;24;18/06/1993;32.2;23.3;57.9;22
sj;1993;25;25/06/1993;33.3;22.2;60.4;12
sj;1993;26;02/07/1993;32.8;25.0;7.2;21
sj;1993;27;09/07/1993;32.8;24.4;21.0;18
sj;1993;28;16/07/1993;32.2;22.2;92.2;16
sj;1993;29;23/07/1993;33.3;24.4;13.0;16
sj;1993;30;30/07/1993;32.2;22.2;71.4;22
sj;1993;31;06/08/1993;32.8;24.4;0.8;17
sj;1993;32;13/08/1993;32.8;25.0;18.1;25
sj;1993;33;20/08/1993;33.9;24.4;12.7;23
sj;1993;34;27/08/1993;33.3;24.4;17.1;12
sj;1993;35;03/09/1993;32.8;24.4;28.8;25
sj;1993;36;10/09/1993;32.8;23.3;43.4;28
sj;1993;37;17/09/1993;32.8;23.9;23.1;27
sj;1993;38;24/09/1993;32.8;23.3;8.7;18
sj;1993;39;01/10/1993;32.8;23.9;26.7;23
sj;1993;40;08/10/1993;33.3;23.3;16.8;23
sj;1993;41;15/10/1993;32.2;24.4;27.0;29
sj;1993;42;22/10/1993;33.3;23.9;6.4;38
sj;1993;43;29/10/1993;32.8;23.9;25.4;36
sj;1993;44;05/11/1993;32.8;23.3;4.1;43
sj;1993;45;12/11/1993;32.8;23.3;6.7;46
sj;1993;46;19/11/1993;31.7;22.8;48.8;31
sj;1993;47;26/11/1993;31.7;22.2;46.4;25
sj;1993;48;03/12/1993;33.3;21.1;5.5;40
sj;1993;49;10/12/1993;30.6;21.1;20.8;31
sj;1993;50;17/12/1993;31.1;21.1;7.7;38
sj;1993;51;24/12/1993;31.7;21.7;37.6;30
sj;1994;52;01/01/1994;32.8;21.7;0.3;22
sj;1994;1;08/01/1994;29.4;21.1;41.0;31
sj;1994;2;15/01/1994;29.4;21.1;13.4;26
sj;1994;3;22/01/1994;30.0;20.0;26.6;35
sj;1994;4;29/01/1994;29.4;20.6;9.7;36
sj;1994;5;05/02/1994;30.0;20.6;3.6;39
sj;1994;6;12/02/1994;29.4;21.1;9.1;25
sj;1994;7;19/02/1994;30.6;21.1;9.7;31
sj;1994;8;26/02/1994;30.6;20.6;7.9;37
sj;1994;9;05/03/1994;30.6;20.6;16.2;33
sj;1994;10;12/03/1994;31.1;21.7;15.8;25
sj;1994;11;19/03/1994;31.1;21.1;16.8;24
sj;1994;12;26/03/1994;32.8;20.6;0.0;18
sj;1994;13;02/04/1994;33.3;21.1;1.0;23
sj;1994;14;09/04/1994;31.1;21.7;2.3;13
sj;1994;15;16/04/1994;30.0;21.1;16.7;18
sj;1994;16;23/04/1994;30.0;22.2;28.7;14
sj;1994;17;30/04/1994;31.7;22.2;13.2;17
sj;1994;18;07/05/1994;33.3;22.8;10.5;22
sj;1994;19;14/05/1994;31.7;23.9;3.3;13
sj;1994;20;21/05/1994;33.3;22.8;29.3;24
sj;1994;21;28/05/1994;33.9;24.4;6.9;31
sj;1994;22;04/06/1994;33.3;23.3;1.6;34
sj;1994;23;11/06/1994;32.8;23.3;67.3;31
sj;1994;24;18/06/1994;32.8;24.4;5.4;31
sj;1994;25;25/06/1994;32.8;23.9;23.4;38
sj;1994;26;02/07/1994;32.8;23.9;10.2;49
sj;1994;27;09/07/1994;32.2;23.9;19.5;42
sj;1994;28;16/07/1994;32.2;23.9;28.7;49
sj;1994;29;23/07/1994;32.8;23.9;9.8;55
sj;1994;30;30/07/1994;33.3;24.4;1.0;80
sj;1994;31;06/08/1994;33.3;23.9;48.5;84
sj;1994;32;13/08/1994;33.3;23.9;3.6;72
sj;1994;33;20/08/1994;33.3;24.4;20.4;89
sj;1994;34;27/08/1994;32.8;24.4;4.3;115
sj;1994;35;03/09/1994;33.9;25.6;11.0;179
sj;1994;36;10/09/1994;33.3;24.4;14.4;202
sj;1994;37;17/09/1994;34.4;23.9;50.8;272
sj;1994;38;24/09/1994;32.2;24.4;34.3;302
sj;1994;39;01/10/1994;33.9;23.3;31.5;395
sj;1994;40;08/10/1994;34.4;24.4;8.2;426
sj;1994;41;15/10/1994;35.0;23.9;39.2;461
sj;1994;42;22/10/1994;35.0;23.9;5.4;381
sj;1994;43;29/10/1994;32.8;23.3;39.2;333
sj;1994;44;05/11/1994;32.2;24.4;1.9;353
sj;1994;45;12/11/1994;31.7;22.2;54.5;410
sj;1994;46;19/11/1994;32.8;22.2;47.5;364
sj;1994;47;26/11/1994;33.9;23.3;49.3;359
sj;1994;48;03/12/1994;31.7;21.1;35.9;288
sj;1994;49;10/12/1994;30.0;22.2;58.2;221
sj;1994;50;17/12/1994;31.7;21.7;7.4;149
sj;1994;51;24/12/1994;31.7;22.2;12.9;112
sj;1995;52;01/01/1995;32.8;22.2;9.2;154
sj;1995;1;08/01/1995;31.7;20.0;40.4;91
sj;1995;2;15/01/1995;30.0;21.7;10.5;72
sj;1995;3;22/01/1995;28.9;20.0;29.0;56
sj;1995;4;29/01/1995;32.8;20.6;9.9;46
sj;1995;5;05/02/1995;31.7;21.1;26.9;37
sj;1995;6;12/02/1995;32.8;20.0;0.0;26
sj;1995;7;19/02/1995;32.2;20.6;2.8;17
sj;1995;8;26/02/1995;31.7;21.7;29.5;17
sj;1995;9;05/03/1995;30.6;20.0;51.7;20
sj;1995;10;12/03/1995;30.0;21.1;16.9;11
sj;1995;11;19/03/1995;31.7;21.1;16.5;7
sj;1995;12;26/03/1995;31.7;18.9;2.3;16
sj;1995;13;02/04/1995;30.0;20.0;4.1;14
sj;1995;14;09/04/1995;32.8;19.4;0.0;16
sj;1995;15;16/04/1995;32.8;22.8;0.0;5
sj;1995;16;23/04/1995;32.8;21.1;72.0;2
sj;1995;17;30/04/1995;31.1;21.7;1.0;6
sj;1995;18;07/05/1995;34.4;22.2;2.8;5
sj;1995;19;14/05/1995;34.4;22.8;29.7;4
sj;1995;20;21/05/1995;31.1;21.7;101.6;3
sj;1995;21;28/05/1995;31.7;22.2;97.5;4
sj;1995;22;04/06/1995;33.3;23.3;9.1;16
sj;1995;23;11/06/1995;31.1;22.8;35.5;8
sj;1995;24;18/06/1995;32.8;22.8;43.5;7
sj;1995;25;25/06/1995;33.3;24.4;10.5;10
sj;1995;26;02/07/1995;33.9;24.4;15.8;14
sj;1995;27;09/07/1995;34.4;25.0;16.0;7
sj;1995;28;16/07/1995;34.4;24.4;21.4;9
sj;1995;29;23/07/1995;33.9;25.0;30.6;11
sj;1995;30;30/07/1995;33.3;23.9;43.3;23
sj;1995;31;06/08/1995;33.9;23.9;30.1;17
sj;1995;32;13/08/1995;33.9;23.3;27.3;19
sj;1995;33;20/08/1995;34.4;25.6;8.7;24
sj;1995;34;27/08/1995;33.3;23.3;66.0;17
sj;1995;35;03/09/1995;32.2;24.4;12.8;28
sj;1995;36;10/09/1995;34.4;23.9;20.4;40
sj;1995;37;17/09/1995;35.0;24.4;77.1;33
sj;1995;38;24/09/1995;35.6;25.0;71.2;31
sj;1995;39;01/10/1995;34.4;25.6;13.3;33
sj;1995;40;08/10/1995;32.2;23.9;45.6;29
sj;1995;41;15/10/1995;32.2;24.4;19.1;30
sj;1995;42;22/10/1995;33.9;23.3;39.1;36
sj;1995;43;29/10/1995;32.2;23.3;53.6;48
sj;1995;44;05/11/1995;33.9;23.3;13.5;40
sj;1995;45;12/11/1995;31.7;23.3;53.6;28
sj;1995;46;19/11/1995;31.1;22.8;2.8;36
sj;1995;47;26/11/1995;32.2;22.8;5.9;19
sj;1995;48;03/12/1995;33.3;22.8;13.5;34
sj;1995;49;10/12/1995;31.1;22.2;14.9;23
sj;1995;50;17/12/1995;30.6;22.2;20.9;17
sj;1995;51;24/12/1995;30.0;22.2;53.9;17
sj;1996;1;01/01/1996;28.3;21.7;46.5;23
sj;1996;2;08/01/1996;31.1;21.7;24.6;14
sj;1996;3;15/01/1996;31.1;21.7;40.6;20
sj;1996;4;22/01/1996;28.9;22.2;47.7;13
sj;1996;5;29/01/1996;28.3;20.0;32.0;23
sj;1996;6;05/02/1996;29.4;21.1;10.8;20
sj;1996;7;12/02/1996;31.1;21.1;25.5;16
sj;1996;8;19/02/1996;31.7;21.1;22.1;16
sj;1996;9;26/02/1996;29.4;21.1;4.6;23
sj;1996;10;04/03/1996;30.6;20.6;3.3;14
sj;1996;11;11/03/1996;31.1;21.7;12.7;15
sj;1996;12;18/03/1996;32.2;22.2;14.2;4
sj;1996;13;25/03/1996;32.2;20.6;0.5;5
sj;1996;14;01/04/1996;31.1;21.7;21.6;5
sj;1996;15;08/04/1996;32.2;21.7;80.5;11
sj;1996;16;15/04/1996;32.2;21.1;8.9;11
sj;1996;17;22/04/1996;30.0;22.2;8.2;7
sj;1996;18;29/04/1996;30.0;22.2;25.6;4
sj;1996;19;06/05/1996;29.4;21.7;10.6;6
sj;1996;20;13/05/1996;29.4;22.2;44.8;5
sj;1996;21;20/05/1996;30.6;22.8;0.8;2
sj;1996;22;27/05/1996;33.3;23.3;9.4;4
sj;1996;23;03/06/1996;32.2;23.9;2.3;2
sj;1996;24;10/06/1996;31.1;23.3;40.9;4
sj;1996;25;17/06/1996;30.6;22.8;84.6;6
sj;1996;26;24/06/1996;32.8;23.3;19.3;6
sj;1996;27;01/07/1996;32.2;24.4;5.9;4
sj;1996;28;08/07/1996;32.8;23.3;43.5;6
sj;1996;29;15/07/1996;31.1;23.9;53.6;11
sj;1996;30;22/07/1996;31.1;23.9;9.9;16
sj;1996;31;29/07/1996;30.0;23.9;79.3;9
sj;1996;32;05/08/1996;30.6;24.4;31.9;12
sj;1996;33;12/08/1996;31.7;22.8;14.3;13
sj;1996;34;19/08/1996;31.1;22.8;80.6;27
sj;1996;35;26/08/1996;33.3;23.9;22.6;21
sj;1996;36;02/09/1996;33.3;23.3;35.1;19
sj;1996;37;09/09/1996;32.8;23.3;51.1;17
sj;1996;38;16/09/1996;31.7;22.8;305.9;24
sj;1996;39;23/09/1996;32.8;23.9;7.3;27
sj;1996;40;30/09/1996;31.1;23.9;20.9;30
sj;1996;41;07/10/1996;31.7;23.3;17.6;29
sj;1996;42;14/10/1996;31.7;23.3;8.9;25
sj;1996;43;21/10/1996;33.9;24.4;6.6;35
sj;1996;44;28/10/1996;31.1;21.7;28.9;33
sj;1996;45;04/11/1996;31.1;22.2;35.6;30
sj;1996;46;11/11/1996;30.0;22.2;25.0;29
sj;1996;47;18/11/1996;29.4;22.2;88.3;31
sj;1996;48;25/11/1996;28.3;22.8;39.5;29
sj;1996;49;02/12/1996;28.3;21.7;19.6;22
sj;1996;50;09/12/1996;30.0;20.6;3.1;27
sj;1996;51;16/12/1996;28.9;21.1;25.4;24
sj;1996;52;23/12/1996;27.8;19.4;4.0;26
sj;1997;1;01/01/1997;31.7;21.7;0.5;29
sj;1997;2;08/01/1997;27.8;21.1;29.0;22
sj;1997;3;15/01/1997;28.9;19.4;0.6;33
sj;1997;4;22/01/1997;28.9;21.1;2.0;24
sj;1997;5;29/01/1997;28.3;21.1;58.9;30
sj;1997;6;05/02/1997;27.8;19.4;49.5;20
sj;1997;7;12/02/1997;27.8;21.1;25.4;17
sj;1997;8;19/02/1997;28.3;21.1;22.9;24
sj;1997;9;26/02/1997;27.8;21.1;30.0;28
sj;1997;10;05/03/1997;27.8;21.1;15.5;18
sj;1997;11;12/03/1997;27.8;21.1;13.8;13
sj;1997;12;19/03/1997;28.9;21.1;15.2;9
sj;1997;13;26/03/1997;31.1;20.6;1.5;14
sj;1997;14;02/04/1997;29.4;20.6;2.9;11
sj;1997;15;09/04/1997;31.1;21.7;0.6;11
sj;1997;16;16/04/1997;31.7;20.0;0.8;19
sj;1997;17;23/04/1997;34.4;21.1;0.0;10
sj;1997;18;30/04/1997;33.9;22.8;0.5;8
sj;1997;19;07/05/1997;33.9;23.3;0.3;8
sj;1997;20;14/05/1997;32.8;22.2;12.6;9
sj;1997;21;21/05/1997;32.2;23.9;12.9;3
sj;1997;22;28/05/1997;31.7;22.8;30.5;7
sj;1997;23;04/06/1997;32.8;22.2;31.3;14
sj;1997;24;11/06/1997;32.8;23.9;0.3;4
sj;1997;25;18/06/1997;33.9;23.9;0.5;9
sj;1997;26;25/06/1997;32.8;23.9;18.6;14
sj;1997;27;02/07/1997;32.2;24.4;4.1;7
sj;1997;28;09/07/1997;33.9;23.9;8.7;9
sj;1997;29;16/07/1997;32.8;24.4;40.9;3
sj;1997;30;23/07/1997;31.7;23.3;51.2;3
sj;1997;31;30/07/1997;31.7;22.8;16.3;14
sj;1997;32;06/08/1997;32.2;25.0;5.2;12
sj;1997;33;13/08/1997;32.8;23.9;53.4;10
sj;1997;34;20/08/1997;32.2;24.4;52.3;21
sj;1997;35;27/08/1997;32.2;22.8;50.0;26
sj;1997;36;03/09/1997;32.8;25.0;17.0;47
sj;1997;37;10/09/1997;32.8;24.4;15.8;42
sj;1997;38;17/09/1997;34.4;25.0;18.1;31
sj;1997;39;24/09/1997;32.2;23.9;25.4;34
sj;1997;40;01/10/1997;32.2;21.7;31.2;33
sj;1997;41;08/10/1997;33.3;23.3;44.4;52
sj;1997;42;15/10/1997;31.1;22.8;6.3;56
sj;1997;43;22/10/1997;32.8;23.9;8.7;70
sj;1997;44;29/10/1997;32.8;24.4;0.0;112
sj;1997;45;05/11/1997;31.1;23.9;27.1;70
sj;1997;46;12/11/1997;32.8;22.8;34.6;47
sj;1997;47;19/11/1997;31.1;23.9;6.1;48
sj;1997;48;26/11/1997;30.6;23.9;81.8;49
sj;1997;49;03/12/1997;31.7;23.3;39.9;66
sj;1997;50;10/12/1997;32.2;21.7;0.0;56
sj;1997;51;17/12/1997;32.2;22.2;1.5;61
sj;1997;52;24/12/1997;31.7;22.2;17.3;67
sj;1998;1;01/01/1998;;;;64
sj;1998;2;08/01/1998;31.7;22.8;33.3;68
sj;1998;3;15/01/1998;29.4;20.6;152.4;49
sj;1998;4;22/01/1998;29.4;21.1;4.8;50
sj;1998;5;29/01/1998;31.1;22.2;1.3;56
sj;1998;6;05/02/1998;31.7;21.1;0.0;75
sj;1998;7;12/02/1998;32.2;22.8;79.2;63
sj;1998;8;19/02/1998;28.9;20.0;8.7;62
sj;1998;9;26/02/1998;31.1;21.1;6.4;41
sj;1998;10;05/03/1998;32.2;21.1;7.0;50
sj;1998;11;12/03/1998;32.2;21.1;15.1;34
sj;1998;12;19/03/1998;28.9;20.6;27.7;31
sj;1998;13;26/03/1998;31.1;22.2;16.5;38
sj;1998;14;02/04/1998;31.7;21.7;15.5;30
sj;1998;15;09/04/1998;31.7;21.7;10.7;32
sj;1998;16;16/04/1998;33.9;22.2;7.9;26
sj;1998;17;23/04/1998;29.4;21.7;73.4;30
sj;1998;18;30/04/1998;31.1;22.8;16.3;36
sj;1998;19;07/05/1998;31.1;22.2;6.9;35
sj;1998;20;14/05/1998;33.9;22.2;7.1;46
sj;1998;21;21/05/1998;34.4;23.3;59.1;48
sj;1998;22;28/05/1998;31.1;24.4;13.8;44
sj;1998;23;04/06/1998;32.2;23.9;10.5;51
sj;1998;24;11/06/1998;32.8;23.9;38.6;59
sj;1998;25;18/06/1998;32.8;23.9;23.4;71
sj;1998;26;25/06/1998;32.2;23.9;20.6;102
sj;1998;27;02/07/1998;32.2;25.0;0.0;128
sj;1998;28;09/07/1998;32.8;22.8;11.7;127
sj;1998;29;16/07/1998;33.3;23.9;62.5;150
sj;1998;30;23/07/1998;31.7;23.9;81.9;191
sj;1998;31;30/07/1998;31.7;23.9;20.5;256
sj;1998;32;06/08/1998;32.2;24.4;6.2;329
sj;1998;33;13/08/1998;32.8;24.4;3.8;263
sj;1998;34;20/08/1998;32.8;25.0;20.4;220
sj;1998;35;27/08/1998;33.9;23.3;146.4;204
sj;1998;36;03/09/1998;33.9;22.8;27.4;181
sj;1998;37;10/09/1998;32.2;24.4;61.3;99
sj;1998;38;17/09/1998;34.4;24.4;39.7;54
sj;1998;39;24/09/1998;32.2;24.4;123.6;80
sj;1998;40;01/10/1998;32.8;23.9;24.7;102
sj;1998;41;08/10/1998;31.7;24.4;25.0;127
sj;1998;42;15/10/1998;31.7;23.3;15.5;73
sj;1998;43;22/10/1998;33.9;23.9;26.7;68
sj;1998;44;29/10/1998;32.8;23.3;54.6;64
sj;1998;45;05/11/1998;31.1;23.3;81.5;55
sj;1998;46;12/11/1998;32.8;23.3;8.7;67
sj;1998;47;19/11/1998;30.6;23.3;71.3;84
sj;1998;48;26/11/1998;30.0;22.8;29.8;85
sj;1998;49;03/12/1998;29.4;22.2;48.2;67
sj;1998;50;10/12/1998;28.9;22.8;97.6;73
sj;1998;51;17/12/1998;31.1;22.8;18.9;89
sj;1998;52;24/12/1998;30.0;22.2;29.7;68
sj;1999;53;01/01/1999;;;;59
sj;1999;1;08/01/1999;28.9;22.2;16.2;56
sj;1999;2;15/01/1999;28.3;20.0;20.6;77
sj;1999;3;22/01/1999;30.0;21.1;27.2;75
sj;1999;4;29/01/1999;28.3;21.1;8.6;47
sj;1999;5;05/02/1999;27.8;19.4;18.0;50
sj;1999;6;12/02/1999;27.8;17.8;2.9;42
sj;1999;7;19/02/1999;29.4;19.4;24.8;28
sj;1999;8;26/02/1999;28.9;18.9;0.0;37
sj;1999;9;05/03/1999;29.4;20.6;40.1;37
sj;1999;10;12/03/1999;29.4;20.6;0.0;27
sj;1999;11;19/03/1999;31.1;20.6;8.4;12
sj;1999;12;26/03/1999;30.6;21.1;0.0;15
sj;1999;13;02/04/1999;30.6;21.7;7.9;22
sj;1999;14;09/04/1999;29.4;21.1;30.8;8
sj;1999;15;16/04/1999;30.0;21.1;19.8;15
sj;1999;16;23/04/1999;32.2;22.8;9.2;17
sj;1999;17;30/04/1999;31.7;22.2;4.1;10
sj;1999;18;07/05/1999;33.9;22.2;0.5;9
sj;1999;19;14/05/1999;32.8;21.7;73.1;11
sj;1999;20;21/05/1999;33.3;23.3;14.3;20
sj;1999;21;28/05/1999;33.3;24.4;8.2;13
sj;1999;22;04/06/1999;33.3;23.9;5.9;11
sj;1999;23;11/06/1999;33.9;22.8;56.8;16
sj;1999;24;18/06/1999;31.7;23.9;17.6;11
sj;1999;25;25/06/1999;31.1;22.8;60.6;7
sj;1999;26;02/07/1999;31.7;25.0;5.4;17
sj;1999;27;09/07/1999;31.1;22.8;36.6;14
sj;1999;28;16/07/1999;32.8;23.3;17.5;13
sj;1999;29;23/07/1999;31.1;21.7;56.2;15
sj;1999;30;30/07/1999;32.8;23.9;19.9;30
sj;1999;31;06/08/1999;32.8;22.8;18.8;25
sj;1999;32;13/08/1999;31.7;23.9;26.7;40
sj;1999;33;20/08/1999;31.7;25.0;10.0;44
sj;1999;34;27/08/1999;33.9;23.9;78.5;25
sj;1999;35;03/09/1999;32.8;23.9;69.7;21
sj;1999;36;10/09/1999;31.7;25.0;32.5;48
sj;1999;37;17/09/1999;33.9;24.4;35.1;56
sj;1999;38;24/09/1999;32.2;24.4;31.3;60
sj;1999;39;01/10/1999;34.4;23.9;38.9;45
sj;1999;40;08/10/1999;32.8;23.3;16.2;55
sj;1999;41;15/10/1999;31.1;23.3;27.8;32
sj;1999;42;22/10/1999;31.1;23.9;71.5;46
sj;1999;43;29/10/1999;32.2;23.3;58.4;61
sj;1999;44;05/11/1999;32.2;23.9;40.9;42
sj;1999;45;12/11/1999;30.6;23.9;37.1;37
sj;1999;46;19/11/1999;30.6;22.8;62.1;43
sj;1999;47;26/11/1999;31.7;23.3;88.9;34
sj;1999;48;03/12/1999;30.6;21.1;13.2;40
sj;1999;49;10/12/1999;28.9;21.7;126.0;25
sj;1999;50;17/12/1999;28.3;20.6;7.6;16
sj;1999;51;24/12/1999;27.8;21.7;10.9;17
sj;2000;52;01/01/2000;29.4;21.1;7.9;17
sj;2000;1;08/01/2000;29.4;21.7;28.6;16
sj;2000;2;15/01/2000;28.3;21.7;12.0;23
sj;2000;3;22/01/2000;27.2;20.0;17.7;18
sj;2000;4;29/01/2000;28.3;17.8;2.0;18
sj;2000;5;05/02/2000;30.0;20.6;14.1;9
sj;2000;6;12/02/2000;30.0;20.6;3.0;7
sj;2000;7;19/02/2000;30.0;21.1;3.8;7
sj;2000;8;26/02/2000;28.3;20.6;3.8;4
sj;2000;9;04/03/2000;29.4;20.0;15.0;3
sj;2000;10;11/03/2000;29.4;19.4;0.0;2
sj;2000;11;18/03/2000;28.9;21.1;0.8;8
sj;2000;12;25/03/2000;29.4;19.4;3.5;3
sj;2000;13;01/04/2000;28.9;20.0;3.1;1
sj;2000;14;08/04/2000;30.6;21.7;13.3;1
sj;2000;15;15/04/2000;30.6;20.6;6.3;2
sj;2000;16;22/04/2000;29.4;20.6;18.6;3
sj;2000;17;29/04/2000;32.2;22.2;1.3;3
sj;2000;18;06/05/2000;32.2;21.7;3.6;2
sj;2000;19;13/05/2000;30.6;22.2;7.7;0
sj;2000;20;20/05/2000;32.2;21.1;83.3;0
sj;2000;21;27/05/2000;31.1;22.8;0.3;2
sj;2000;22;03/06/2000;32.2;23.3;25.6;2
sj;2000;23;10/06/2000;31.7;23.3;4.8;0
sj;2000;24;17/06/2000;32.8;23.3;26.2;6
sj;2000;25;24/06/2000;31.1;23.9;15.6;3
sj;2000;26;01/07/2000;31.7;23.3;31.5;6
sj;2000;27;08/07/2000;31.1;24.4;27.1;2
sj;2000;28;15/07/2000;32.2;24.4;3.5;3
sj;2000;29;22/07/2000;32.8;23.3;22.7;2
sj;2000;30;29/07/2000;32.8;23.9;7.9;4
sj;2000;31;05/08/2000;33.3;22.8;32.7;5
sj;2000;32;12/08/2000;32.8;22.8;37.2;2
sj;2000;33;19/08/2000;32.8;23.9;26.9;9
sj;2000;34;26/08/2000;32.8;23.9;13.7;2
sj;2000;35;02/09/2000;31.1;21.7;156.6;4
sj;2000;36;09/09/2000;31.7;23.9;16.8;8
sj;2000;37;16/09/2000;33.3;22.8;9.3;6
sj;2000;38;23/09/2000;31.7;23.9;18.5;3
sj;2000;39;30/09/2000;31.1;23.9;30.6;11
sj;2000;40;07/10/2000;32.8;23.9;16.1;14
sj;2000;41;14/10/2000;32.8;23.3;20.1;15
sj;2000;42;21/10/2000;33.3;23.9;21.8;20
sj;2000;43;28/10/2000;31.1;23.3;24.1;9
sj;2000;44;04/11/2000;32.2;23.3;18.8;20
sj;2000;45;11/11/2000;30.6;21.7;44.9;28
sj;2000;46;18/11/2000;30.0;22.2;1.3;38
sj;2000;47;25/11/2000;30.6;22.8;14.7;30
sj;2000;48;02/12/2000;29.4;22.8;30.0;30
sj;2000;49;09/12/2000;31.1;22.8;6.4;23
sj;2000;50;16/12/2000;31.1;21.7;7.1;16
sj;2000;51;23/12/2000;28.9;21.7;63.2;22
sj;2001;1;01/01/2001;30.0;20.6;1.9;28
sj;2001;2;08/01/2001;30.6;21.1;15.2;14
sj;2001;3;15/01/2001;30.6;19.4;4.8;17
sj;2001;4;22/01/2001;29.4;20.6;31.5;20
sj;2001;5;29/01/2001;30.6;21.1;21.6;17
sj;2001;6;05/02/2001;29.4;21.1;8.5;10
sj;2001;7;12/02/2001;29.4;21.1;4.8;13
sj;2001;8;19/02/2001;28.9;19.4;17.6;20
sj;2001;9;26/02/2001;28.3;21.7;53.1;9
sj;2001;10;05/03/2001;31.7;19.4;0.0;18
sj;2001;11;12/03/2001;31.7;22.2;0.5;9
sj;2001;12;19/03/2001;30.6;21.7;12.7;8
sj;2001;13;26/03/2001;32.2;21.7;26.7;19
sj;2001;14;02/04/2001;32.2;22.2;0.5;11
sj;2001;15;09/04/2001;30.6;21.7;13.0;4
sj;2001;16;16/04/2001;32.2;22.2;8.1;6
sj;2001;17;23/04/2001;33.3;22.8;20.6;6
sj;2001;18;30/04/2001;31.1;22.2;16.0;8
sj;2001;19;07/05/2001;32.2;22.8;64.3;13
sj;2001;20;14/05/2001;32.2;24.4;60.5;8
sj;2001;21;21/05/2001;33.9;23.3;7.4;8
sj;2001;22;28/05/2001;32.8;25.0;16.6;5
sj;2001;23;04/06/2001;32.8;23.9;6.7;16
sj;2001;24;11/06/2001;33.9;23.9;20.9;12
sj;2001;25;18/06/2001;31.7;23.9;2.3;11
sj;2001;26;25/06/2001;33.3;23.9;11.1;18
sj;2001;27;02/07/2001;32.8;24.4;16.8;10
sj;2001;28;09/07/2001;31.7;23.9;20.0;22
sj;2001;29;16/07/2001;32.8;22.8;10.6;14
sj;2001;30;23/07/2001;33.9;23.9;4.5;16
sj;2001;31;30/07/2001;32.2;23.3;46.0;18
sj;2001;32;06/08/2001;32.2;23.9;49.0;27
sj;2001;33;13/08/2001;32.2;25.6;24.3;38
sj;2001;34;20/08/2001;32.8;25.6;1.8;35
sj;2001;35;27/08/2001;32.8;23.3;65.0;41
sj;2001;36;03/09/2001;32.2;23.3;71.5;51
sj;2001;37;10/09/2001;32.2;23.9;5.6;65
sj;2001;38;17/09/2001;33.3;23.9;56.8;55
sj;2001;39;24/09/2001;32.8;23.9;15.8;54
sj;2001;40;01/10/2001;34.4;24.4;6.6;62
sj;2001;41;08/10/2001;33.3;23.9;32.0;64
sj;2001;42;15/10/2001;32.2;22.8;67.6;56
sj;2001;43;22/10/2001;32.2;22.8;15.0;65
sj;2001;44;29/10/2001;31.1;24.4;11.3;71
sj;2001;45;05/11/2001;32.2;20.0;36.7;75
sj;2001;46;12/11/2001;33.3;22.2;96.0;71
sj;2001;47;19/11/2001;31.1;22.8;2.9;72
sj;2001;48;26/11/2001;29.4;22.8;4.4;47
sj;2001;49;03/12/2001;31.1;20.6;44.0;27
sj;2001;50;10/12/2001;29.4;22.8;87.8;35
sj;2001;51;17/12/2001;29.4;22.8;80.3;25
sj;2001;52;24/12/2001;30.0;22.8;106.2;19
sj;2002;1;01/01/2002;30.0;20.6;24.9;37
sj;2002;2;08/01/2002;29.4;21.7;13.7;38
sj;2002;3;15/01/2002;29.4;21.1;2.9;34
sj;2002;4;22/01/2002;30.6;22.2;19.1;26
sj;2002;5;29/01/2002;29.4;21.7;38.1;19
sj;2002;6;05/02/2002;28.9;20.6;21.1;18
sj;2002;7;12/02/2002;29.4;20.6;4.3;22
sj;2002;8;19/02/2002;31.7;21.1;6.4;16
sj;2002;9;26/02/2002;30.0;21.1;3.3;18
sj;2002;10;05/03/2002;28.9;20.6;0.6;6
sj;2002;11;12/03/2002;30.0;22.2;14.1;12
sj;2002;12;19/03/2002;30.0;20.6;6.5;6
sj;2002;13;26/03/2002;32.8;22.2;0.6;6
sj;2002;14;02/04/2002;30.6;21.7;7.7;3
sj;2002;15;09/04/2002;32.2;22.8;15.7;7
sj;2002;16;16/04/2002;30.0;21.7;17.8;6
sj;2002;17;23/04/2002;30.6;21.7;69.7;1
sj;2002;18;30/04/2002;30.0;22.8;10.5;3
sj;2002;19;07/05/2002;30.0;22.8;56.5;2
sj;2002;20;14/05/2002;30.0;21.7;15.4;2
sj;2002;21;21/05/2002;31.7;23.3;2.9;1
sj;2002;22;28/05/2002;32.8;23.3;4.8;10
sj;2002;23;04/06/2002;33.3;23.3;12.9;3
sj;2002;24;11/06/2002;33.3;24.4;4.5;3
sj;2002;25;18/06/2002;32.8;24.4;12.7;1
sj;2002;26;25/06/2002;31.7;22.8;25.0;1
sj;2002;27;02/07/2002;31.7;25.0;3.6;2
sj;2002;28;09/07/2002;32.2;23.3;29.6;6
sj;2002;29;16/07/2002;32.8;23.9;57.2;3
sj;2002;30;23/07/2002;32.8;23.3;16.3;3
sj;2002;31;30/07/2002;32.8;24.4;28.0;5
sj;2002;32;06/08/2002;32.2;25.0;3.6;4
sj;2002;33;13/08/2002;33.3;23.9;13.6;7
sj;2002;34;20/08/2002;32.8;23.3;48.1;6
sj;2002;35;27/08/2002;32.2;24.4;13.5;5
sj;2002;36;03/09/2002;31.7;22.8;105.0;7
sj;2002;37;10/09/2002;34.4;24.4;2.3;6
sj;2002;38;17/09/2002;33.3;23.3;53.2;4
sj;2002;39;24/09/2002;32.8;23.9;48.0;4
sj;2002;40;01/10/2002;33.3;22.8;72.7;7
sj;2002;41;08/10/2002;31.7;23.9;26.0;9
sj;2002;42;15/10/2002;32.2;23.3;6.1;5
sj;2002;43;22/10/2002;33.3;23.9;53.3;5
sj;2002;44;29/10/2002;31.7;23.3;31.3;10
sj;2002;45;05/11/2002;31.1;23.3;8.4;6
sj;2002;46;12/11/2002;31.1;22.8;3.8;13
sj;2002;47;19/11/2002;32.2;23.3;30.8;6
sj;2002;48;26/11/2002;32.2;21.7;28.0;5
sj;2002;49;03/12/2002;31.1;21.7;2.9;5
sj;2002;50;10/12/2002;30.0;21.7;40.6;9
sj;2002;51;17/12/2002;30.6;21.7;18.6;3
sj;2002;52;24/12/2002;29.4;22.2;31.7;6
sj;2003;1;01/01/2003;28.9;21.1;25.7;11
sj;2003;2;08/01/2003;30.0;21.1;35.3;7
sj;2003;3;15/01/2003;31.1;20.6;0.0;7
sj;2003;4;22/01/2003;30.6;21.1;2.9;15
sj;2003;5;29/01/2003;30.6;20.6;59.7;9
sj;2003;6;05/02/2003;29.4;21.1;19.4;6
sj;2003;7;12/02/2003;29.4;21.7;37.1;6
sj;2003;8;19/02/2003;30.6;20.6;7.4;6
sj;2003;9;26/02/2003;30.0;21.1;8.2;7
sj;2003;10;05/03/2003;29.4;20.6;5.1;10
sj;2003;11;12/03/2003;31.1;21.7;2.6;8
sj;2003;12;19/03/2003;31.1;21.7;1.3;7
sj;2003;13;26/03/2003;32.2;22.8;2.0;12
sj;2003;14;02/04/2003;33.3;22.2;30.0;3
sj;2003;15;09/04/2003;32.2;22.8;28.2;2
sj;2003;16;16/04/2003;31.7;22.8;46.5;7
sj;2003;17;23/04/2003;30.6;20.6;88.2;5
sj;2003;18;30/04/2003;32.2;23.3;75.2;5
sj;2003;19;07/05/2003;32.8;23.3;2.5;7
sj;2003;20;14/05/2003;31.1;22.8;7.0;7
sj;2003;21;21/05/2003;31.1;22.8;10.1;7
sj;2003;22;28/05/2003;32.2;22.8;22.9;7
sj;2003;23;04/06/2003;32.2;22.8;3.3;10
sj;2003;24;11/06/2003;31.1;22.8;33.8;13
sj;2003;25;18/06/2003;30.6;23.9;36.6;10
sj;2003;26;25/06/2003;32.2;24.4;0.6;14
sj;2003;27;02/07/2003;32.8;24.4;13.0;11
sj;2003;28;09/07/2003;31.7;23.9;17.9;20
sj;2003;29;16/07/2003;31.7;21.7;43.0;25
sj;2003;30;23/07/2003;32.8;23.3;8.0;17
sj;2003;31;30/07/2003;31.7;24.4;48.9;18
sj;2003;32;06/08/2003;31.7;25.0;8.2;25
sj;2003;33;13/08/2003;32.2;24.4;17.0;21
sj;2003;34;20/08/2003;32.2;23.9;25.7;31
sj;2003;35;27/08/2003;31.7;23.3;69.6;32
sj;2003;36;03/09/2003;31.7;24.4;29.8;26
sj;2003;37;10/09/2003;34.4;25.0;20.9;35
sj;2003;38;17/09/2003;34.4;25.0;2.3;28
sj;2003;39;24/09/2003;33.9;22.2;76.5;37
sj;2003;40;01/10/2003;32.2;25.0;9.9;41
sj;2003;41;08/10/2003;31.7;24.4;0.8;34
sj;2003;42;15/10/2003;32.2;22.8;61.0;30
sj;2003;43;22/10/2003;32.8;23.9;10.9;39
sj;2003;44;29/10/2003;33.3;23.9;11.0;39
sj;2003;45;05/11/2003;32.8;22.2;62.4;39
sj;2003;46;12/11/2003;31.7;22.8;74.7;34
sj;2003;47;19/11/2003;31.7;23.9;133.2;30
sj;2003;48;26/11/2003;30.6;22.8;54.2;37
sj;2003;49;03/12/2003;29.4;21.7;2.1;29
sj;2003;50;10/12/2003;29.4;22.2;82.8;26
sj;2003;51;17/12/2003;29.4;22.2;11.0;15
sj;2003;52;24/12/2003;30.0;21.1;12.0;22
sj;2004;1;01/01/2004;;;;15
sj;2004;2;08/01/2004;27.8;20.6;15.6;20
sj;2004;3;15/01/2004;28.3;20.0;23.7;14
sj;2004;4;22/01/2004;27.8;20.6;10.2;10
sj;2004;5;29/01/2004;28.9;20.0;1.8;21
sj;2004;6;05/02/2004;31.1;19.4;4.6;14
sj;2004;7;12/02/2004;28.9;20.0;15.0;14
sj;2004;8;19/02/2004;29.4;20.6;11.4;9
sj;2004;9;26/02/2004;28.3;19.4;19.3;11
sj;2004;10;04/03/2004;31.1;20.6;15.8;5
sj;2004;11;11/03/2004;30.6;21.1;2.5;6
sj;2004;12;18/03/2004;31.1;20.6;12.2;7
sj;2004;13;25/03/2004;30.0;21.1;3.0;11
sj;2004;14;01/04/2004;28.9;20.6;60.7;4
sj;2004;15;08/04/2004;31.1;20.6;5.6;3
sj;2004;16;15/04/2004;29.4;22.8;31.5;2
sj;2004;17;22/04/2004;29.4;21.7;5.6;6
sj;2004;18;29/04/2004;30.0;22.8;23.4;10
sj;2004;19;06/05/2004;30.6;22.2;30.2;7
sj;2004;20;13/05/2004;31.1;22.8;18.1;5
sj;2004;21;20/05/2004;29.4;22.8;53.6;3
sj;2004;22;27/05/2004;28.9;21.7;145.8;12
sj;2004;23;03/06/2004;33.3;22.8;4.6;13
sj;2004;24;10/06/2004;31.7;23.9;17.6;10
sj;2004;25;17/06/2004;33.3;22.8;81.5;13
sj;2004;26;24/06/2004;32.2;23.9;8.9;13
sj;2004;27;01/07/2004;32.2;23.3;67.6;8
sj;2004;28;08/07/2004;31.1;23.3;76.5;21
sj;2004;29;15/07/2004;31.7;25.0;16.0;18
sj;2004;30;22/07/2004;31.7;23.9;26.2;8
sj;2004;31;29/07/2004;31.7;23.9;44.0;7
sj;2004;32;05/08/2004;32.2;24.4;12.8;20
sj;2004;33;12/08/2004;33.9;24.4;10.5;14
sj;2004;34;19/08/2004;32.2;24.4;28.3;14
sj;2004;35;26/08/2004;33.3;25.0;20.6;7
sj;2004;36;02/09/2004;32.8;24.4;23.8;14
sj;2004;37;09/09/2004;33.9;25.0;20.6;10
sj;2004;38;16/09/2004;32.2;24.4;32.8;13
sj;2004;39;23/09/2004;33.9;23.3;158.2;27
sj;2004;40;30/09/2004;34.4;24.4;21.8;13
sj;2004;41;07/10/2004;31.7;24.4;24.4;18
sj;2004;42;14/10/2004;32.2;23.9;41.4;16
sj;2004;43;21/10/2004;32.2;23.9;15.1;16
sj;2004;44;28/10/2004;31.7;23.9;34.1;20
sj;2004;45;04/11/2004;30.6;22.8;109.0;17
sj;2004;46;11/11/2004;31.1;23.9;7.7;4
sj;2004;47;18/11/2004;28.9;23.3;70.7;15
sj;2004;48;25/11/2004;29.4;23.3;26.9;8
sj;2004;49;02/12/2004;28.9;21.1;7.7;6
sj;2004;50;09/12/2004;28.9;20.6;10.4;12
sj;2004;51;16/12/2004;30.6;22.8;30.6;15
sj;2004;52;23/12/2004;30.0;22.8;55.7;11
sj;2005;53;01/01/2005;;;;10
sj;2005;1;08/01/2005;28.3;21.1;23.8;15
sj;2005;2;15/01/2005;28.3;22.2;55.6;17
sj;2005;3;22/01/2005;28.3;21.7;32.4;7
sj;2005;4;29/01/2005;28.3;17.8;34.0;7
sj;2005;5;05/02/2005;27.8;19.4;5.4;8
sj;2005;6;12/02/2005;26.7;19.4;10.1;9
sj;2005;7;19/02/2005;26.7;18.9;4.6;12
sj;2005;8;26/02/2005;27.2;21.7;2.1;12
sj;2005;9;05/03/2005;30.6;20.0;5.3;5
sj;2005;10;12/03/2005;31.1;20.0;0.0;4
sj;2005;11;19/03/2005;33.3;20.0;0.0;11
sj;2005;12;26/03/2005;32.8;20.0;0.0;4
sj;2005;13;02/04/2005;33.3;22.2;0.0;5
sj;2005;14;09/04/2005;33.3;22.2;7.4;7
sj;2005;15;16/04/2005;32.8;22.8;21.1;1
sj;2005;16;23/04/2005;33.9;22.2;97.3;1
sj;2005;17;30/04/2005;32.8;22.8;207.5;4
sj;2005;18;07/05/2005;31.7;23.3;48.2;2
sj;2005;19;14/05/2005;31.7;23.3;11.4;6
sj;2005;20;21/05/2005;30.6;22.2;110.9;3
sj;2005;21;28/05/2005;35.0;23.9;71.2;4
sj;2005;22;04/06/2005;34.4;25.0;23.9;10
sj;2005;23;11/06/2005;32.8;24.4;4.4;12
sj;2005;24;18/06/2005;31.1;23.9;44.5;21
sj;2005;25;25/06/2005;34.4;25.0;0.0;26
sj;2005;26;02/07/2005;33.3;24.4;52.3;21
sj;2005;27;09/07/2005;33.9;25.0;34.8;30
sj;2005;28;16/07/2005;32.8;24.4;52.8;45
sj;2005;29;23/07/2005;32.8;23.9;50.3;56
sj;2005;30;30/07/2005;32.2;23.9;73.8;75
sj;2005;31;06/08/2005;33.3;25.0;41.0;83
sj;2005;32;13/08/2005;33.9;25.6;12.6;82
sj;2005;33;20/08/2005;33.3;25.6;18.1;126
sj;2005;34;27/08/2005;33.3;22.8;31.7;119
sj;2005;35;03/09/2005;32.2;22.2;104.4;137
sj;2005;36;10/09/2005;33.9;24.4;8.9;131
sj;2005;37;17/09/2005;33.9;24.4;61.0;112
sj;2005;38;24/09/2005;32.2;24.4;15.1;82
sj;2005;39;01/10/2005;32.2;25.0;19.8;73
sj;2005;40;08/10/2005;32.8;23.3;18.6;43
sj;2005;41;15/10/2005;32.2;22.8;126.9;55
sj;2005;42;22/10/2005;33.9;23.3;45.5;55
sj;2005;43;29/10/2005;33.3;23.9;55.1;53
sj;2005;44;05/11/2005;32.8;23.9;57.2;46
sj;2005;45;12/11/2005;32.8;23.3;32.5;43
sj;2005;46;19/11/2005;31.1;23.3;41.5;29
sj;2005;47;26/11/2005;30.0;22.2;23.6;22
sj;2005;48;03/12/2005;30.6;22.8;80.7;26
sj;2005;49;10/12/2005;28.9;20.6;27.5;13
sj;2005;50;17/12/2005;29.4;21.1;30.0;17
sj;2005;51;24/12/2005;28.9;20.6;29.1;8
sj;2006;52;01/01/2006;30.0;21.1;18.6;13
sj;2006;1;08/01/2006;28.3;20.6;8.1;10
sj;2006;2;15/01/2006;27.8;18.9;21.9;17
sj;2006;3;22/01/2006;30.6;20.6;101.1;19
sj;2006;4;29/01/2006;27.2;20.6;29.2;9
sj;2006;5;05/02/2006;28.9;18.9;7.6;9
sj;2006;6;12/02/2006;28.3;19.4;26.6;9
sj;2006;7;19/02/2006;30.6;20.0;15.0;3
sj;2006;8;26/02/2006;28.9;21.1;2.6;7
sj;2006;9;05/03/2006;30.6;21.1;0.0;7
sj;2006;10;12/03/2006;30.6;21.1;3.3;0
sj;2006;11;19/03/2006;29.4;21.7;2.2;2
sj;2006;12;26/03/2006;29.4;21.7;7.4;3
sj;2006;13;02/04/2006;32.8;22.2;7.9;3
sj;2006;14;09/04/2006;30.6;21.1;84.6;1
sj;2006;15;16/04/2006;30.6;22.2;48.3;3
sj;2006;16;23/04/2006;30.6;22.8;5.4;3
sj;2006;17;30/04/2006;30.6;22.8;75.2;3
sj;2006;18;07/05/2006;31.1;22.2;66.1;7
sj;2006;19;14/05/2006;29.4;22.2;80.8;3
sj;2006;20;21/05/2006;33.3;23.3;15.6;5
sj;2006;21;28/05/2006;33.9;24.4;0.5;11
sj;2006;22;04/06/2006;33.9;24.4;22.1;5
sj;2006;23;11/06/2006;34.4;24.4;1.3;5
sj;2006;24;18/06/2006;34.4;23.3;34.0;6
sj;2006;25;25/06/2006;33.3;23.9;25.5;6
sj;2006;26;02/07/2006;33.3;22.8;58.2;4
sj;2006;27;09/07/2006;32.2;22.8;26.7;4
sj;2006;28;16/07/2006;32.8;22.8;51.6;8
sj;2006;29;23/07/2006;31.7;22.8;36.8;14
sj;2006;30;30/07/2006;33.9;23.9;13.3;12
sj;2006;31;06/08/2006;32.2;22.8;100.0;16
sj;2006;32;13/08/2006;31.1;23.9;40.9;10
sj;2006;33;20/08/2006;32.2;24.4;1.5;16
sj;2006;34;27/08/2006;32.2;23.9;30.7;18
sj;2006;35;03/09/2006;31.7;23.3;33.8;15
sj;2006;36;10/09/2006;32.2;24.4;9.8;23
sj;2006;37;17/09/2006;33.3;23.9;25.3;17
sj;2006;38;24/09/2006;33.3;23.9;2.3;33
sj;2006;39;01/10/2006;32.8;25.0;6.2;15
sj;2006;40;08/10/2006;33.9;24.4;7.3;13
sj;2006;41;15/10/2006;33.3;23.9;28.0;11
sj;2006;42;22/10/2006;33.3;23.9;140.8;14
sj;2006;43;29/10/2006;32.8;23.3;65.8;17
sj;2006;44;05/11/2006;32.2;25.0;38.0;19
sj;2006;45;12/11/2006;31.7;24.4;18.0;20
sj;2006;46;19/11/2006;31.7;23.3;18.5;12
sj;2006;47;26/11/2006;32.8;22.8;0.8;21
sj;2006;48;03/12/2006;32.2;22.2;88.7;7
sj;2006;49;10/12/2006;29.4;22.2;68.0;19
sj;2006;50;17/12/2006;30.0;22.8;6.9;10
sj;2006;51;24/12/2006;30.0;22.2;26.9;13
sj;2007;1;01/01/2007;28.3;21.7;21.7;10
sj;2007;2;08/01/2007;29.4;21.1;14.8;8
sj;2007;3;15/01/2007;28.3;20.6;21.4;21
sj;2007;4;22/01/2007;28.3;21.1;16.8;11
sj;2007;5;29/01/2007;30.6;20.6;0.0;9
sj;2007;6;05/02/2007;30.0;21.1;3.3;14
sj;2007;7;12/02/2007;32.2;21.1;0.3;14
sj;2007;8;19/02/2007;31.1;21.7;1.5;15
sj;2007;9;26/02/2007;31.7;21.1;22.9;18
sj;2007;10;05/03/2007;32.2;22.2;8.4;16
sj;2007;11;12/03/2007;31.7;21.7;0.3;12
sj;2007;12;19/03/2007;32.8;22.2;0.5;20
sj;2007;13;26/03/2007;33.3;22.8;7.6;8
sj;2007;14;02/04/2007;30.0;21.7;40.2;3
sj;2007;15;09/04/2007;32.8;20.6;3.3;13
sj;2007;16;16/04/2007;33.3;22.8;1.8;4
sj;2007;17;23/04/2007;34.4;21.7;163.1;1
sj;2007;18;30/04/2007;30.0;22.2;79.8;10
sj;2007;19;07/05/2007;31.7;23.3;20.5;8
sj;2007;20;14/05/2007;33.3;24.4;0.3;13
sj;2007;21;21/05/2007;33.3;23.9;0.5;10
sj;2007;22;28/05/2007;32.8;23.9;17.0;21
sj;2007;23;04/06/2007;33.9;23.3;33.3;18
sj;2007;24;11/06/2007;34.4;23.9;47.6;21
sj;2007;25;18/06/2007;33.9;24.4;4.3;34
sj;2007;26;25/06/2007;33.9;25.0;1.5;25
sj;2007;27;02/07/2007;33.3;24.4;17.3;34
sj;2007;28;09/07/2007;33.3;24.4;10.0;33
sj;2007;29;16/07/2007;33.3;24.4;21.3;40
sj;2007;30;23/07/2007;33.3;25.0;69.8;42
sj;2007;31;30/07/2007;32.8;24.4;14.5;36
sj;2007;32;06/08/2007;31.7;24.4;6.4;72
sj;2007;33;13/08/2007;31.7;23.3;24.9;75
sj;2007;34;20/08/2007;33.9;23.9;35.3;76
sj;2007;35;27/08/2007;33.9;23.9;20.1;92
sj;2007;36;03/09/2007;33.3;23.9;25.9;71
sj;2007;37;10/09/2007;33.9;25.0;10.4;112
sj;2007;38;17/09/2007;32.8;24.4;26.9;106
sj;2007;39;24/09/2007;32.2;24.4;21.3;101
sj;2007;40;01/10/2007;32.8;22.2;86.6;170
sj;2007;41;08/10/2007;33.3;23.9;14.5;135
sj;2007;42;15/10/2007;33.9;24.4;10.2;106
sj;2007;43;22/10/2007;32.2;24.4;8.6;68
sj;2007;44;29/10/2007;30.6;22.2;89.2;48
sj;2007;45;05/11/2007;32.2;22.8;4.1;48
sj;2007;46;12/11/2007;31.1;22.8;65.7;26
sj;2007;47;19/11/2007;31.1;22.8;40.4;33
sj;2007;48;26/11/2007;28.9;22.2;36.4;29
sj;2007;49;03/12/2007;29.4;22.8;34.5;17
sj;2007;50;10/12/2007;28.9;22.2;30.2;12
sj;2007;51;17/12/2007;28.9;21.7;108.2;13
sj;2007;52;24/12/2007;28.3;21.1;16.8;17
sj;2008;1;01/01/2008;29.4;22.2;55.5;15
sj;2008;2;08/01/2008;28.3;21.1;64.8;14
sj;2008;3;15/01/2008;27.8;20.6;2.5;15
sj;2008;4;22/01/2008;27.8;21.1;83.1;10
sj;2008;5;29/01/2008;28.9;20.0;3.1;9
sj;2008;6;05/02/2008;27.2;21.1;35.9;2
sj;2008;7;12/02/2008;28.3;21.1;6.4;6
sj;2008;8;19/02/2008;28.3;21.7;13.3;8
sj;2008;9;26/02/2008;27.8;21.1;12.9;5
sj;2008;10;04/03/2008;29.4;21.1;13.0;1
sj;2008;11;11/03/2008;28.9;22.2;4.4;2
sj;2008;12;18/03/2008;30.0;20.6;0.5;3
sj;2008;13;25/03/2008;30.0;21.1;1.8;4
sj;2008;14;01/04/2008;30.6;22.2;0.5;3
sj;2008;15;08/04/2008;29.4;21.7;30.7;1
sj;2008;16;15/04/2008;29.4;21.7;11.2;3
sj;2008;17;22/04/2008;31.7;23.3;0.3;5
iq;2000;26;01/07/2000;32.5;20.7;3.0;0
iq;2000;27;08/07/2000;34.0;20.8;55.6;0
iq;2000;28;15/07/2000;33.0;20.7;38.1;0
iq;2000;29;22/07/2000;31.5;14.7;30.0;0
iq;2000;30;29/07/2000;33.3;19.1;4.0;0
iq;2000;31;05/08/2000;32.0;17.0;11.5;0
iq;2000;32;12/08/2000;34.0;19.9;72.9;0
iq;2000;33;19/08/2000;33.0;20.5;50.1;0
iq;2000;34;26/08/2000;34.0;19.0;89.2;0
iq;2000;35;02/09/2000;34.0;20.0;78.0;0
iq;2000;36;09/09/2000;35.8;21.7;56.9;1
iq;2000;37;16/09/2000;34.5;20.5;18.9;0
iq;2000;38;23/09/2000;36.0;20.5;104.2;0
iq;2000;39;30/09/2000;34.0;20.5;57.9;0
iq;2000;40;07/10/2000;34.0;20.0;63.0;0
iq;2000;41;14/10/2000;34.0;21.0;3.0;1
iq;2000;42;21/10/2000;36.0;21.0;45.2;1
iq;2000;43;28/10/2000;34.6;20.0;57.9;0
iq;2000;44;04/11/2000;35.5;21.1;7.1;0
iq;2000;45;11/11/2000;35.2;21.5;13.5;0
iq;2000;46;18/11/2000;36.4;21.7;0.0;0
iq;2000;47;25/11/2000;36.5;21.5;;0
iq;2000;48;02/12/2000;34.2;21.0;19.0;0
iq;2000;49;09/12/2000;34.0;22.0;0.8;0
iq;2000;50;16/12/2000;33.8;21.0;67.2;1
iq;2000;51;23/12/2000;35.0;21.0;0.0;0
iq;2001;1;01/01/2001;33.3;21.8;38.9;0
iq;2001;2;08/01/2001;33.2;20.7;59.9;0
iq;2001;3;15/01/2001;33.0;20.5;52.0;0
iq;2001;4;22/01/2001;31.2;20.0;166.9;0
iq;2001;5;29/01/2001;33.0;20.0;147.8;0
iq;2001;6;05/02/2001;34.2;21.7;3.3;0
iq;2001;7;12/02/2001;33.0;21.0;83.1;0
iq;2001;8;19/02/2001;33.2;21.0;38.1;0
iq;2001;9;26/02/2001;33.2;20.5;21.1;0
iq;2001;10;05/03/2001;33.3;20.0;87.1;0
iq;2001;11;12/03/2001;34.2;20.0;39.9;0
iq;2001;12;19/03/2001;34.1;20.0;70.8;0
iq;2001;13;26/03/2001;34.2;20.0;80.0;0
iq;2001;14;02/04/2001;35.0;20.5;46.2;0
iq;2001;15;09/04/2001;34.0;19.5;120.1;0
iq;2001;16;16/04/2001;33.5;20.4;45.3;1
iq;2001;17;23/04/2001;34.3;21.0;14.9;0
iq;2001;18;30/04/2001;35.2;20.5;51.0;0
iq;2001;19;07/05/2001;32.7;21.4;66.0;0
iq;2001;20;14/05/2001;32.5;;0.0;0
iq;2001;21;21/05/2001;34.2;20.5;64.1;1
iq;2001;22;28/05/2001;34.8;20.5;32.0;1
iq;2001;23;04/06/2001;34.0;19.8;17.0;0
iq;2001;24;11/06/2001;33.4;20.0;37.1;0
iq;2001;25;18/06/2001;33.2;20.5;9.9;1
iq;2001;26;25/06/2001;32.3;17.1;31.0;0
iq;2001;27;02/07/2001;33.2;20.0;70.1;0
iq;2001;28;09/07/2001;33.5;19.5;22.3;0
iq;2001;29;16/07/2001;32.8;21.0;36.8;0
iq;2001;30;23/07/2001;34.0;21.2;25.2;0
iq;2001;31;30/07/2001;34.0;18.4;10.9;0
iq;2001;32;06/08/2001;33.5;17.8;;0
iq;2001;33;13/08/2001;33.4;20.0;18.0;0
iq;2001;34;20/08/2001;34.2;20.0;47.9;0
iq;2001;35;27/08/2001;35.2;20.0;31.0;0
iq;2001;36;03/09/2001;34.3;20.8;35.1;0
iq;2001;37;10/09/2001;35.2;20.1;41.9;0
iq;2001;38;17/09/2001;35.0;20.2;69.0;0
iq;2001;39;24/09/2001;33.4;20.3;13.2;0
iq;2001;40;01/10/2001;35.5;20.4;14.2;0
iq;2001;41;08/10/2001;36.8;21.8;30.9;0
iq;2001;42;15/10/2001;36.7;20.0;159.0;0
iq;2001;43;22/10/2001;35.0;21.0;89.1;0
iq;2001;44;29/10/2001;35.8;21.5;76.0;0
iq;2001;45;05/11/2001;34.4;21.3;35.1;0
iq;2001;46;12/11/2001;34.5;21.0;43.9;0
iq;2001;47;19/11/2001;33.7;20.8;31.0;1
iq;2001;48;26/11/2001;35.3;21.8;12.2;1
iq;2001;49;03/12/2001;35.5;21.2;23.1;1
iq;2001;50;10/12/2001;35.0;21.0;75.0;2
iq;2001;51;17/12/2001;32.9;21.0;57.9;4
iq;2001;52;24/12/2001;33.3;22.0;25.1;1
iq;2002;1;01/01/2002;33.2;23.0;45.3;4
iq;2002;2;08/01/2002;35.4;21.0;7.1;11
iq;2002;3;15/01/2002;36.0;22.0;5.0;16
iq;2002;4;22/01/2002;35.8;21.0;18.0;23
iq;2002;5;29/01/2002;32.5;20.8;120.2;12
iq;2002;6;05/02/2002;34.0;20.8;70.4;14
iq;2002;7;12/02/2002;33.6;20.8;62.8;18
iq;2002;8;19/02/2002;33.5;21.0;14.0;8
iq;2002;9;26/02/2002;32.2;20.5;47.6;7
iq;2002;10;05/03/2002;35.7;21.0;48.3;10
iq;2002;11;12/03/2002;34.5;21.6;9.1;7
iq;2002;12;19/03/2002;33.3;20.6;76.8;10
iq;2002;13;26/03/2002;32.3;20.7;49.0;5
iq;2002;14;02/04/2002;32.5;20.2;20.1;11
iq;2002;15;09/04/2002;31.4;20.8;13.0;8
iq;2002;16;16/04/2002;34.6;20.3;;18
iq;2002;17;23/04/2002;33.3;21.7;53.9;13
iq;2002;18;30/04/2002;33.5;21.2;1.0;9
iq;2002;19;07/05/2002;34.0;21.3;25.4;22
iq;2002;20;14/05/2002;32.3;20.8;543.3;10
iq;2002;21;21/05/2002;33.8;20.8;9.1;5
iq;2002;22;28/05/2002;32.3;20.8;146.7;13
iq;2002;23;04/06/2002;34.3;20.7;28.0;2
iq;2002;24;11/06/2002;34.0;20.7;1.0;11
iq;2002;25;18/06/2002;33.0;18.8;31.0;11
iq;2002;26;25/06/2002;32.6;18.6;7.1;3
iq;2002;27;02/07/2002;32.6;20.7;5.1;7
iq;2002;28;09/07/2002;32.3;20.3;26.3;7
iq;2002;29;16/07/2002;30.1;20.1;0.0;4
iq;2002;30;23/07/2002;33.6;19.5;68.1;5
iq;2002;31;30/07/2002;33.8;19.3;35.6;6
iq;2002;32;06/08/2002;34.0;20.2;0.0;7
iq;2002;33;13/08/2002;35.1;20.6;7.1;7
iq;2002;34;20/08/2002;33.1;20.8;70.6;4
iq;2002;35;27/08/2002;35.1;20.9;24.1;9
iq;2002;36;03/09/2002;33.3;21.7;17.0;17
iq;2002;37;10/09/2002;35.9;19.9;89.9;8
iq;2002;38;17/09/2002;36.6;21.5;0.8;22
iq;2002;39;24/09/2002;36.0;20.4;86.9;18
iq;2002;40;01/10/2002;37.7;21.7;74.2;21
iq;2002;41;08/10/2002;34.6;21.8;79.8;16
iq;2002;42;15/10/2002;34.2;22.0;4.5;31
iq;2002;43;22/10/2002;36.0;21.8;167.8;25
iq;2002;44;29/10/2002;34.1;22.5;34.1;28
iq;2002;45;05/11/2002;33.8;22.6;63.9;26
iq;2002;46;12/11/2002;33.6;21.4;212.6;18
iq;2002;47;19/11/2002;33.5;21.7;77.0;27
iq;2002;48;26/11/2002;34.0;22.0;17.2;11
iq;2002;49;03/12/2002;33.7;22.9;46.0;38
iq;2002;50;10/12/2002;34.0;22.9;57.2;29
iq;2002;51;17/12/2002;34.0;23.3;24.0;21
iq;2002;52;24/12/2002;33.8;21.9;137.9;11
iq;2003;1;01/01/2003;34.4;22.4;92.9;10
iq;2003;2;08/01/2003;35.0;22.1;35.1;5
iq;2003;3;15/01/2003;33.3;22.5;164.4;6
iq;2003;4;22/01/2003;34.2;23.0;67.1;2
iq;2003;5;29/01/2003;35.4;22.5;7.9;1
iq;2003;6;05/02/2003;33.8;22.4;41.9;2
iq;2003;7;12/02/2003;33.2;22.4;55.9;2
iq;2003;8;19/02/2003;32.4;23.3;121.9;3
iq;2003;9;26/02/2003;35.0;22.9;0.0;5
iq;2003;10;05/03/2003;32.9;22.9;5.0;1
iq;2003;11;12/03/2003;32.0;22.1;98.4;4
iq;2003;12;19/03/2003;33.5;22.7;61.9;2
iq;2003;13;26/03/2003;42.2;21.8;75.9;4
iq;2003;14;02/04/2003;34.2;22.6;75.0;0
iq;2003;15;09/04/2003;34.5;22.9;79.0;0
iq;2003;16;16/04/2003;34.2;22.4;49.0;0
iq;2003;17;23/04/2003;33.9;21.8;82.9;0
iq;2003;18;30/04/2003;32.9;22.7;105.9;1
iq;2003;19;07/05/2003;33.6;23.4;69.0;1
iq;2003;20;14/05/2003;32.5;22.0;246.2;1
iq;2003;21;21/05/2003;32.5;22.3;145.8;1
iq;2003;22;28/05/2003;35.0;22.4;187.9;1
iq;2003;23;04/06/2003;33.4;22.4;72.1;2
iq;2003;24;11/06/2003;33.2;21.6;107.0;3
iq;2003;25;18/06/2003;33.5;21.8;40.4;4
iq;2003;26;25/06/2003;32.7;21.9;93.5;6
iq;2003;27;02/07/2003;33.8;21.7;79.3;2
iq;2003;28;09/07/2003;33.2;20.7;1.5;2
iq;2003;29;16/07/2003;33.4;17.4;23.8;5
iq;2003;30;23/07/2003;32.1;18.0;9.9;1
iq;2003;31;30/07/2003;32.4;21.3;69.1;1
iq;2003;32;06/08/2003;34.2;21.3;117.0;0
iq;2003;33;13/08/2003;34.4;21.7;79.0;0
iq;2003;34;20/08/2003;34.0;20.0;18.3;0
iq;2003;35;27/08/2003;34.4;21.4;95.7;0
iq;2003;36;03/09/2003;33.9;18.5;0.8;2
iq;2003;37;10/09/2003;34.3;21.0;53.1;0
iq;2003;38;17/09/2003;35.3;16.8;92.3;3
iq;2003;39;24/09/2003;34.7;21.8;27.2;0
iq;2003;40;01/10/2003;35.5;21.8;34.5;0
iq;2003;41;08/10/2003;35.7;22.3;138.2;0
iq;2003;42;15/10/2003;34.4;22.9;36.0;2
iq;2003;43;22/10/2003;34.5;20.7;32.1;2
iq;2003;44;29/10/2003;35.5;22.8;56.4;3
iq;2003;45;05/11/2003;34.0;21.9;139.7;3
iq;2003;46;12/11/2003;35.5;20.8;79.0;3
iq;2003;47;19/11/2003;36.0;22.4;284.4;1
iq;2003;48;26/11/2003;34.7;22.0;26.2;2
iq;2003;49;03/12/2003;35.1;22.0;138.0;3
iq;2003;50;10/12/2003;34.2;22.5;47.4;6
iq;2003;51;17/12/2003;34.8;22.1;66.8;5
iq;2003;52;24/12/2003;33.1;22.3;185.7;1
iq;2004;1;01/01/2004;;;;4
iq;2004;2;08/01/2004;34.2;22.4;137.2;5
iq;2004;3;15/01/2004;34.1;23.1;68.1;8
iq;2004;4;22/01/2004;34.6;21.8;20.1;5
iq;2004;5;29/01/2004;35.6;22.3;0.0;2
iq;2004;6;05/02/2004;36.4;20.6;24.1;3
iq;2004;7;12/02/2004;33.3;22.8;13.4;3
iq;2004;8;19/02/2004;35.5;22.0;8.6;1
iq;2004;9;26/02/2004;34.4;20.6;18.9;6
iq;2004;10;04/03/2004;34.5;22.3;79.0;4
iq;2004;11;11/03/2004;33.5;22.5;24.1;1
iq;2004;12;18/03/2004;34.3;21.7;187.2;2
iq;2004;13;25/03/2004;34.0;23.6;142.6;3
iq;2004;14;01/04/2004;33.9;22.7;2.0;1
iq;2004;15;08/04/2004;33.1;22.3;4.0;8
iq;2004;16;15/04/2004;33.6;21.7;36.9;4
iq;2004;17;22/04/2004;34.5;22.5;39.6;6
iq;2004;18;29/04/2004;32.9;22.6;148.5;7
iq;2004;19;06/05/2004;33.3;22.0;97.0;5
iq;2004;20;13/05/2004;33.0;19.5;91.8;8
iq;2004;21;20/05/2004;34.2;22.5;296.9;6
iq;2004;22;27/05/2004;33.3;20.5;28.2;5
iq;2004;23;03/06/2004;32.8;19.8;203.0;6
iq;2004;24;10/06/2004;32.0;20.9;87.9;6
iq;2004;25;17/06/2004;33.3;21.5;43.2;13
iq;2004;26;24/06/2004;32.1;18.6;98.5;2
iq;2004;27;01/07/2004;30.9;21.1;170.1;10
iq;2004;28;08/07/2004;32.0;21.8;43.2;3
iq;2004;29;15/07/2004;33.1;20.5;31.0;12
iq;2004;30;22/07/2004;32.1;21.9;103.1;7
iq;2004;31;29/07/2004;32.9;19.4;6.0;6
iq;2004;32;05/08/2004;34.0;18.3;55.1;5
iq;2004;33;12/08/2004;31.3;20.0;0.5;6
iq;2004;34;19/08/2004;;21.7;0.5;6
iq;2004;35;26/08/2004;32.8;20.4;0.0;6
iq;2004;36;02/09/2004;32.0;20.9;195.1;8
iq;2004;37;09/09/2004;34.3;23.0;23.2;6
iq;2004;38;16/09/2004;33.0;20.4;87.3;9
iq;2004;39;23/09/2004;34.7;18.8;20.1;12
iq;2004;40;30/09/2004;35.5;21.8;40.1;19
iq;2004;41;07/10/2004;33.0;20.6;27.9;8
iq;2004;42;14/10/2004;34.5;21.4;120.6;16
iq;2004;43;21/10/2004;35.6;22.4;13.0;21
iq;2004;44;28/10/2004;35.8;21.3;89.9;6
iq;2004;45;04/11/2004;34.9;21.8;101.4;22
iq;2004;46;11/11/2004;33.7;22.4;184.2;37
iq;2004;47;18/11/2004;35.8;22.5;107.4;33
iq;2004;48;25/11/2004;35.3;22.6;77.0;18
iq;2004;49;02/12/2004;34.1;22.4;64.0;83
iq;2004;50;09/12/2004;;;9.9;116
iq;2004;51;16/12/2004;34.0;22.6;128.3;32
iq;2004;52;23/12/2004;33.3;22.6;100.8;7
iq;2005;53;01/01/2005;;;;9
iq;2005;1;08/01/2005;33.2;23.0;74.9;10
iq;2005;2;15/01/2005;34.2;22.5;232.1;5
iq;2005;3;22/01/2005;35.5;22.5;194.0;8
iq;2005;4;29/01/2005;35.1;22.1;0.0;7
iq;2005;5;05/02/2005;35.4;22.2;3.8;8
iq;2005;6;12/02/2005;32.8;21.4;70.4;11
iq;2005;7;19/02/2005;32.3;22.3;350.9;6
iq;2005;8;26/02/2005;35.2;22.4;84.1;7
iq;2005;9;05/03/2005;33.8;23.3;19.0;7
iq;2005;10;12/03/2005;34.8;23.4;8.6;14
iq;2005;11;19/03/2005;33.8;22.5;146.1;7
iq;2005;12;26/03/2005;33.4;22.5;108.8;9
iq;2005;13;02/04/2005;34.3;20.8;73.9;13
iq;2005;14;09/04/2005;33.8;21.6;71.1;16
iq;2005;15;16/04/2005;32.9;22.5;3.6;7
iq;2005;16;23/04/2005;34.0;22.7;105.6;9
iq;2005;17;30/04/2005;33.8;23.7;14.5;2
iq;2005;18;07/05/2005;33.5;21.0;13.0;13
iq;2005;19;14/05/2005;34.6;21.0;28.0;8
iq;2005;20;21/05/2005;33.2;23.6;95.9;3
iq;2005;21;28/05/2005;33.6;22.4;37.9;5
iq;2005;22;04/06/2005;33.9;20.9;78.9;4
iq;2005;23;11/06/2005;32.4;22.0;19.5;8
iq;2005;24;18/06/2005;33.3;22.0;73.7;2
iq;2005;25;25/06/2005;32.8;22.4;89.2;3
iq;2005;26;02/07/2005;33.7;20.8;92.0;5
iq;2005;27;09/07/2005;34.5;21.6;40.9;7
iq;2005;28;16/07/2005;34.2;17.6;167.1;3
iq;2005;29;23/07/2005;33.8;18.2;0.0;5
iq;2005;30;30/07/2005;32.3;18.5;71.1;6
iq;2005;31;06/08/2005;32.3;19.2;0.0;5
iq;2005;32;13/08/2005;33.5;19.8;36.6;5
iq;2005;33;20/08/2005;32.8;17.3;69.6;4
iq;2005;34;27/08/2005;35.0;20.3;127.0;0
iq;2005;35;03/09/2005;35.2;21.4;37.0;0
iq;2005;36;10/09/2005;;21.8;44.0;0
iq;2005;37;17/09/2005;;;1.3;0
iq;2005;38;24/09/2005;34.3;16.9;38.1;0
iq;2005;39;01/10/2005;37.1;20.7;;2
iq;2005;40;08/10/2005;36.3;21.0;80.8;4
iq;2005;41;15/10/2005;37.0;22.3;233.2;4
iq;2005;42;22/10/2005;36.5;21.7;64.0;3
iq;2005;43;29/10/2005;34.3;21.3;235.2;3
iq;2005;44;05/11/2005;34.3;21.8;102.1;5
iq;2005;45;12/11/2005;34.6;22.3;8.9;6
iq;2005;46;19/11/2005;34.5;21.5;139.5;14
iq;2005;47;26/11/2005;35.0;21.8;5.1;3
iq;2005;48;03/12/2005;34.3;21.7;77.9;7
iq;2005;49;10/12/2005;34.8;21.5;54.1;11
iq;2005;50;17/12/2005;34.0;22.3;6.0;2
iq;2005;51;24/12/2005;33.6;22.9;81.1;6
iq;2006;52;01/01/2006;32.7;22.4;273.5;8
iq;2006;1;08/01/2006;34.5;19.7;70.1;25
iq;2006;2;15/01/2006;34.5;21.4;60.1;21
iq;2006;3;22/01/2006;33.8;21.5;54.8;10
iq;2006;4;29/01/2006;33.5;22.3;250.9;28
iq;2006;5;05/02/2006;33.7;21.5;118.9;39
iq;2006;6;12/02/2006;32.6;23.6;101.1;20
iq;2006;7;19/02/2006;33.8;24.2;0.0;24
iq;2006;8;26/02/2006;34.3;21.3;0.3;28
iq;2006;9;05/03/2006;32.9;21.9;26.9;26
iq;2006;10;12/03/2006;33.3;21.9;93.0;8
iq;2006;11;19/03/2006;33.7;22.4;16.0;9
iq;2006;12;26/03/2006;32.3;23.0;97.0;12
iq;2006;13;02/04/2006;33.7;22.0;53.9;18
iq;2006;14;09/04/2006;33.7;22.6;178.1;9
iq;2006;15;16/04/2006;33.9;21.4;49.0;9
iq;2006;16;23/04/2006;32.8;22.5;11.9;6
iq;2006;17;30/04/2006;33.5;19.5;34.0;6
iq;2006;18;07/05/2006;33.3;22.5;115.0;8
iq;2006;19;14/05/2006;32.3;21.7;270.9;5
iq;2006;20;21/05/2006;31.7;19.4;2.0;7
iq;2006;21;28/05/2006;34.0;21.7;83.0;6
iq;2006;22;04/06/2006;31.9;19.3;150.2;5
iq;2006;23;11/06/2006;33.0;21.5;105.2;3
iq;2006;24;18/06/2006;34.4;21.4;79.5;1
iq;2006;25;25/06/2006;32.5;20.4;74.9;0
iq;2006;26;02/07/2006;33.4;19.8;21.9;1
iq;2006;27;09/07/2006;33.0;21.7;110.6;2
iq;2006;28;16/07/2006;33.1;20.6;0.5;3
iq;2006;29;23/07/2006;34.1;19.9;47.0;2
iq;2006;30;30/07/2006;32.6;18.5;11.4;2
iq;2006;31;06/08/2006;34.2;19.7;4.0;2
iq;2006;32;13/08/2006;33.9;19.4;26.6;2
iq;2006;33;20/08/2006;33.3;20.9;75.5;2
iq;2006;34;27/08/2006;34.9;20.9;71.1;4
iq;2006;35;03/09/2006;33.2;20.3;176.0;0
iq;2006;36;10/09/2006;34.1;20.6;15.3;6
iq;2006;37;17/09/2006;35.0;17.8;0.5;3
iq;2006;38;24/09/2006;34.8;21.4;93.9;2
iq;2006;39;01/10/2006;35.2;22.0;63.0;6
iq;2006;40;08/10/2006;35.9;21.1;68.9;2
iq;2006;41;15/10/2006;33.7;22.1;162.6;7
iq;2006;42;22/10/2006;35.4;22.8;8.1;4
iq;2006;43;29/10/2006;33.8;19.8;143.3;6
iq;2006;44;05/11/2006;35.7;22.0;14.0;6
iq;2006;45;12/11/2006;33.9;22.4;108.7;2
iq;2006;46;19/11/2006;33.2;21.8;85.6;13
iq;2006;47;26/11/2006;32.3;22.5;205.3;10
iq;2006;48;03/12/2006;34.9;22.9;115.1;5
iq;2006;49;10/12/2006;33.7;23.2;10.9;2
iq;2006;50;17/12/2006;33.8;;;0
iq;2006;51;24/12/2006;32.9;23.5;;1
iq;2007;1;01/01/2007;31.9;21.5;133.4;0
iq;2007;2;08/01/2007;31.7;22.9;61.5;14
iq;2007;3;15/01/2007;33.4;22.2;178.0;6
iq;2007;4;22/01/2007;33.6;22.0;149.9;10
iq;2007;5;29/01/2007;35.0;22.3;60.3;5
iq;2007;6;05/02/2007;35.4;22.4;9.9;12
iq;2007;7;12/02/2007;36.7;21.4;61.3;9
iq;2007;8;19/02/2007;36.2;21.2;0.0;5
iq;2007;9;26/02/2007;35.8;20.4;28.0;11
iq;2007;10;05/03/2007;33.0;21.9;205.3;2
iq;2007;11;12/03/2007;33.1;21.7;138.0;6
iq;2007;12;19/03/2007;33.9;21.7;252.7;7
iq;2007;13;26/03/2007;34.6;21.5;66.1;6
iq;2007;14;02/04/2007;34.0;22.6;94.3;5
iq;2007;15;09/04/2007;34.4;21.3;60.4;9
iq;2007;16;16/04/2007;33.5;22.1;97.1;5
iq;2007;17;23/04/2007;34.1;22.0;261.7;8
iq;2007;18;30/04/2007;33.0;21.0;118.2;3
iq;2007;19;07/05/2007;33.5;21.5;38.1;4
iq;2007;20;14/05/2007;32.5;19.0;191.4;11
iq;2007;21;21/05/2007;33.8;21.7;86.6;5
iq;2007;22;28/05/2007;32.8;17.5;61.8;8
iq;2007;23;04/06/2007;31.3;20.4;0.5;4
iq;2007;24;11/06/2007;32.6;20.7;12.9;3
iq;2007;25;18/06/2007;32.0;21.2;126.0;1
iq;2007;26;25/06/2007;31.7;20.7;10.2;2
iq;2007;27;02/07/2007;32.0;19.6;;3
iq;2007;28;09/07/2007;32.7;19.9;54.1;4
iq;2007;29;16/07/2007;31.3;20.9;22.9;1
iq;2007;30;23/07/2007;33.2;20.7;11.9;8
iq;2007;31;30/07/2007;34.0;16.4;55.9;5
iq;2007;32;06/08/2007;32.7;17.2;30.3;3
iq;2007;33;13/08/2007;33.1;21.3;76.5;2
iq;2007;34;20/08/2007;33.3;19.9;22.1;7
iq;2007;35;27/08/2007;34.7;19.9;0.0;1
iq;2007;36;03/09/2007;34.0;20.9;37.1;6
iq;2007;37;10/09/2007;32.9;21.4;150.9;7
iq;2007;38;17/09/2007;33.0;21.6;16.3;5
iq;2007;39;24/09/2007;34.1;21.1;34.0;2
iq;2007;40;01/10/2007;35.5;21.6;107.9;6
iq;2007;41;08/10/2007;34.2;21.8;145.1;11
iq;2007;42;15/10/2007;35.2;21.9;4.1;6
iq;2007;43;22/10/2007;32.1;20.9;79.3;3
iq;2007;44;29/10/2007;34.0;21.6;0.0;11
iq;2007;45;05/11/2007;34.8;22.5;22.1;11
iq;2007;46;12/11/2007;33.5;21.6;111.3;5
iq;2007;47;19/11/2007;33.3;21.8;80.0;4
iq;2007;48;26/11/2007;32.3;22.4;293.1;9
iq;2007;49;03/12/2007;33.0;22.8;142.0;23
iq;2007;50;10/12/2007;34.2;22.6;23.1;28
iq;2007;51;17/12/2007;32.9;22.4;261.3;26
iq;2007;52;24/12/2007;32.1;21.7;28.1;7
iq;2008;1;01/01/2008;36.0;21.5;;29
iq;2008;2;08/01/2008;31.4;22.6;104.4;58
iq;2008;3;15/01/2008;33.8;21.8;125.3;26
iq;2008;4;22/01/2008;31.3;21.9;46.3;38
iq;2008;5;29/01/2008;32.2;22.8;121.2;35
iq;2008;6;05/02/2008;34.5;20.5;5.1;37
iq;2008;7;12/02/2008;31.7;22.1;9.2;20
iq;2008;8;19/02/2008;33.4;22.0;115.3;29
iq;2008;9;26/02/2008;32.5;22.5;127.6;25
iq;2008;10;04/03/2008;33.3;21.9;119.6;23
iq;2008;11;11/03/2008;33.2;22.2;64.4;9
iq;2008;12;18/03/2008;31.7;22.0;100.9;3
iq;2008;13;25/03/2008;31.7;22.6;282.7;6
iq;2008;14;01/04/2008;33.4;22.5;21.1;6
iq;2008;15;08/04/2008;32.8;21.0;53.1;3
iq;2008;16;15/04/2008;33.6;21.7;61.0;1
iq;2008;17;22/04/2008;33.0;21.6;85.9;3
iq;2008;18;29/04/2008;32.5;22.7;31.2;1
iq;2008;19;06/05/2008;32.4;20.6;18.0;1
iq;2008;20;13/05/2008;31.0;18.0;6.1;0
iq;2008;21;20/05/2008;31.5;21.4;58.2;2
iq;2008;22;27/05/2008;32.3;21.7;76.1;1
iq;2008;23;03/06/2008;31.1;20.4;13.6;1
iq;2008;24;10/06/2008;;17.8;6.4;0
iq;2008;25;17/06/2008;;21.0;79.8;0
iq;2008;26;24/06/2008;;18.0;93.5;1
iq;2008;27;01/07/2008;;20.8;1.3;0
iq;2008;28;08/07/2008;;21.0;0.0;3
iq;2008;29;15/07/2008;;21.0;44.2;3
iq;2008;30;22/07/2008;32.4;20.8;18.1;1
iq;2008;31;29/07/2008;33.4;20.6;36.4;5
iq;2008;32;05/08/2008;34.2;18.5;18.1;2
iq;2008;33;12/08/2008;34.8;19.8;11.0;5
iq;2008;34;19/08/2008;38.6;19.2;7.9;5
iq;2008;35;26/08/2008;35.1;20.4;44.0;5
iq;2008;36;02/09/2008;36.2;20.4;8.1;9
iq;2008;37;09/09/2008;36.2;20.8;16.5;17
iq;2008;38;16/09/2008;35.6;20.7;50.1;19
iq;2008;39;23/09/2008;37.0;20.8;26.9;25
iq;2008;40;30/09/2008;36.0;19.6;1.0;45
iq;2008;41;07/10/2008;37.0;21.5;57.7;34
iq;2008;42;14/10/2008;34.7;21.0;24.9;63
iq;2008;43;21/10/2008;35.5;21.5;24.2;44
iq;2008;44;28/10/2008;35.0;21.2;0.0;50
iq;2008;45;04/11/2008;35.6;21.2;109.0;35
iq;2008;46;11/11/2008;36.0;20.5;42.6;16
iq;2008;47;18/11/2008;34.5;21.7;10.6;16
iq;2008;48;25/11/2008;33.5;21.0;59.0;13
iq;2008;49;02/12/2008;33.7;21.0;80.0;9
iq;2008;50;09/12/2008;35.0;21.2;17.2;15
iq;2008;51;16/12/2008;35.0;20.5;51.0;4
iq;2008;52;23/12/2008;35.4;21.2;0.5;0
iq;2009;1;01/01/2009;;;;1
iq;2009;2;08/01/2009;34.8;21.1;86.1;10
iq;2009;3;15/01/2009;33.3;21.1;72.8;11
iq;2009;4;22/01/2009;34.0;21.8;11.2;29
iq;2009;5;29/01/2009;33.9;21.1;67.8;35
iq;2009;6;05/02/2009;35.0;21.0;44.1;30
iq;2009;7;12/02/2009;35.0;21.2;14.0;20
iq;2009;8;19/02/2009;35.0;20.5;111.4;21
iq;2009;9;26/02/2009;33.2;20.5;84.1;12
iq;2009;10;05/03/2009;35.0;21.0;49.1;9
iq;2009;11;12/03/2009;33.8;21.0;0.0;11
iq;2009;12;19/03/2009;33.7;21.0;14.3;9
iq;2009;13;26/03/2009;34.4;21.5;45.0;5
iq;2009;14;02/04/2009;34.2;21.7;19.0;11
iq;2009;15;09/04/2009;35.0;21.0;134.9;3
iq;2009;16;16/04/2009;33.0;21.2;87.3;5
iq;2009;17;23/04/2009;34.4;21.2;41.2;5
iq;2009;18;30/04/2009;34.0;21.0;30.8;4
iq;2009;19;07/05/2009;35.0;22.0;44.0;4
iq;2009;20;14/05/2009;35.0;22.0;11.2;1
iq;2009;21;21/05/2009;34.6;21.4;50.5;0
iq;2009;22;28/05/2009;34.4;21.0;19.3;2
iq;2009;23;04/06/2009;34.0;22.2;;3
iq;2009;24;11/06/2009;33.5;20.0;23.9;3
iq;2009;25;18/06/2009;33.5;19.4;21.0;5
iq;2009;26;25/06/2009;33.4;21.2;40.6;2
iq;2009;27;02/07/2009;33.4;21.4;14.0;1
iq;2009;28;09/07/2009;33.4;21.6;2.0;2
iq;2009;29;16/07/2009;34.5;21.3;38.9;0
iq;2009;30;23/07/2009;32.2;21.0;20.4;0
iq;2009;31;30/07/2009;33.5;20.5;32.0;3
iq;2009;32;06/08/2009;35.4;20.5;;5
iq;2009;33;13/08/2009;33.4;21.0;20.1;5
iq;2009;34;20/08/2009;36.2;21.2;1.0;7
iq;2009;35;27/08/2009;36.2;22.0;27.2;5
iq;2009;36;03/09/2009;34.2;21.0;47.5;2
iq;2009;37;10/09/2009;37.4;21.4;6.1;2
iq;2009;38;17/09/2009;37.2;20.4;0.8;2
iq;2009;39;24/09/2009;37.0;21.0;8.1;0
iq;2009;40;01/10/2009;35.2;20.5;33.1;2
iq;2009;41;08/10/2009;34.8;21.0;29.4;1
iq;2009;42;15/10/2009;34.2;21.2;11.2;1
iq;2009;43;22/10/2009;35.3;21.0;137.1;2
iq;2009;44;29/10/2009;35.2;21.0;11.2;2
iq;2009;45;05/11/2009;36.8;21.2;3.5;3
iq;2009;46;12/11/2009;35.3;21.9;88.2;9
iq;2009;47;19/11/2009;36.2;22.3;39.1;5
iq;2009;48;26/11/2009;36.2;21.8;17.0;5
iq;2009;49;03/12/2009;35.3;22.2;49.0;4
iq;2009;50;10/12/2009;35.2;21.2;41.9;4
iq;2009;51;17/12/2009;35.6;22.0;54.1;1
iq;2009;52;24/12/2009;32.2;21.8;31.2;0
iq;2010;53;01/01/2010;;;;0
iq;2010;1;08/01/2010;35.1;21.8;;10
iq;2010;2;15/01/2010;34.2;22.1;15.0;9
iq;2010;3;22/01/2010;35.2;22.5;0.8;17
iq;2010;4;29/01/2010;35.3;22.4;166.0;16
iq;2010;5;05/02/2010;34.2;22.0;62.3;11
iq;2010;6;12/02/2010;33.2;22.9;14.5;12
iq;2010;7;19/02/2010;35.5;21.4;60.9;19
iq;2010;8;26/02/2010;35.4;21.4;29.9;15
iq;2010;9;05/03/2010;35.4;21.2;9.9;12
iq;2010;10;12/03/2010;35.4;21.4;44.5;12
iq;2010;11;19/03/2010;36.0;22.0;22.9;16
iq;2010;12;26/03/2010;34.5;21.0;20.0;9
iq;2010;13;02/04/2010;35.3;21.0;16.0;4
iq;2010;14;09/04/2010;35.4;22.5;;9
iq;2010;15;16/04/2010;33.0;21.2;18.0;6
iq;2010;16;23/04/2010;33.5;22.5;51.1;8
iq;2010;17;30/04/2010;36.2;21.4;35.4;4
iq;2010;18;07/05/2010;33.2;21.4;8.1;2
iq;2010;19;14/05/2010;33.7;21.2;32.0;7
iq;2010;20;21/05/2010;34.0;20.0;2.5;6
iq;2010;21;28/05/2010;35.4;22.4;27.0;5
iq;2010;22;04/06/2010;34.7;21.7;36.6;8
iq;2010;23;11/06/2010;32.2;19.2;7.4;1
iq;2010;24;18/06/2010;31.2;21.0;16.0;1
iq;2010;25;25/06/2010;33.7;22.2;20.4;4
